batch_id,position,hypothesis_hash,name,theme,factors_used,compile_status,runtime_status,wf_test_period_sharpe,wf_test_period_return,wf_test_period_max_drawdown,wf_test_period_total_trades,wf_test_period_win_rate,wf_test_period_window_count,elapsed_seconds,error_message
355a8f9f-2a1f-435d-a1a8-c365b92e185b,1,29410618182e84f8,momentum_macd_cross_mean_reversion,momentum,macd_hist;zscore_48,ok,ok,-0.465073,-0.039845,0.220931,82,0.378049,4,3.103,
355a8f9f-2a1f-435d-a1a8-c365b92e185b,2,143005f3b6df68e8,bb_reversion_rsi_oversold,mean_reversion,bb_upper_24_2;close;rsi_14;zscore_48,ok,ok,0.536821,0.044347,0.285722,80,0.662500,4,3.102,
355a8f9f-2a1f-435d-a1a8-c365b92e185b,3,9b251749dbda286a,volatility_breakout_atr_expansion,volatility_regime,atr_14;close;realized_vol_24h;sma_20,ok,ok,0.000000,0.000000,0.000000,0,0.000000,4,3.079,
355a8f9f-2a1f-435d-a1a8-c365b92e185b,4,cde6ff33683ac466,volume_surge_momentum_divergence,volume_divergence,close;macd_hist;sma_20;volume_zscore_24h,ok,ok,0.059769,-0.006472,0.202419,41,0.463415,4,3.124,
355a8f9f-2a1f-435d-a1a8-c365b92e185b,5,6fe8a1f623777d39,monday_morning_reversion,calendar_effect,day_of_week;hour_of_day;return_1h;return_24h;rsi_14,ok,ok,-0.206880,-0.020482,0.116130,15,0.666667,4,3.098,
355a8f9f-2a1f-435d-a1a8-c365b92e185b,6,53e1b5030aefe836,triple_ema_momentum_convergence,momentum,ema_12;ema_26;macd_hist;rsi_14;sma_50,ok,ok,-0.688907,-0.016244,0.136850,31,0.290323,4,3.161,
355a8f9f-2a1f-435d-a1a8-c365b92e185b,7,65f32d8477eab09f,bollinger_mean_reversion_oversold,mean_reversion,bb_upper_24_2;close;return_168h;rsi_14;zscore_48,ok,ok,1.745777,0.164308,0.271859,66,0.742424,4,3.135,
355a8f9f-2a1f-435d-a1a8-c365b92e185b,8,b0ee7da823d99331,volatility_contraction_breakout,volatility_regime,atr_14;close;realized_vol_24h;rsi_14;sma_20;volume_zscore_24h,ok,ok,1.238918,0.189819,0.321478,17,0.470588,4,3.164,
355a8f9f-2a1f-435d-a1a8-c365b92e185b,9,5cf8eff1d9ed5c3a,volume_surge_momentum_divergence,volume_divergence,return_168h;return_24h;rsi_14;volume_zscore_24h,ok,ok,-0.423840,-0.034841,0.183869,45,0.555556,4,3.131,
355a8f9f-2a1f-435d-a1a8-c365b92e185b,10,33c6adfcc24704ac,monday_dip_reversal,calendar_effect,day_of_week;return_24h;rsi_14;zscore_48,ok,ok,-0.381319,-0.035962,0.192322,30,0.500000,4,3.139,
355a8f9f-2a1f-435d-a1a8-c365b92e185b,11,d4954da6e41b6af2,macd_histogram_acceleration,momentum,close;macd_hist;return_24h;rsi_14;sma_50;volume_zscore_24h,ok,ok,-0.255787,-0.017603,0.127394,99,0.414141,4,3.193,
355a8f9f-2a1f-435d-a1a8-c365b92e185b,12,df2c99e0785f1371,bollinger_oversold_mean_reversion,mean_reversion,bb_upper_24_2;close;realized_vol_24h;return_24h;rsi_14;sma_24;zscore_48,ok,ok,0.000000,0.000000,0.000000,0,0.000000,4,3.143,
355a8f9f-2a1f-435d-a1a8-c365b92e185b,13,56ec64f2b41f1de0,high_vol_regime_breakout,volatility_regime,close;macd_hist;realized_vol_24h;return_24h;rsi_14;sma_20;volume_zscore_24h,ok,ok,0.000000,0.000000,0.000000,0,0.000000,4,3.170,
355a8f9f-2a1f-435d-a1a8-c365b92e185b,14,96279f75e9d5da43,volume_divergence_momentum_fade,volume_divergence,close;return_1h;return_24h;rsi_14;sma_50;volume_zscore_24h,ok,ok,2.421883,0.043226,0.029478,8,0.875000,4,3.149,
355a8f9f-2a1f-435d-a1a8-c365b92e185b,15,1d0260f922197671,monday_gap_fade,calendar_effect,day_of_week;hour_of_day;return_1h;return_24h,ok,ok,-0.864923,-0.055647,0.212363,29,0.517241,4,3.143,
355a8f9f-2a1f-435d-a1a8-c365b92e185b,16,8a76645c987165cb,rsi_momentum_continuation,momentum,close;macd_hist;return_24h;rsi_14;sma_50,ok,ok,-0.587268,0.021111,0.234529,117,0.333333,4,3.160,
355a8f9f-2a1f-435d-a1a8-c365b92e185b,17,2dff9a09f841aaf3,bollinger_mean_reversion_oversold,mean_reversion,bb_upper_24_2;close;realized_vol_24h;rsi_14;zscore_48,ok,ok,0.720297,0.043086,0.262830,108,0.694444,4,3.202,
355a8f9f-2a1f-435d-a1a8-c365b92e185b,18,0383ea8633e84f10,low_vol_breakout_ema_cross,volatility_regime,ema_12;ema_26;realized_vol_24h;return_168h;return_24h,ok,ok,0.092013,0.031547,0.221992,68,0.308824,4,3.167,
355a8f9f-2a1f-435d-a1a8-c365b92e185b,19,0b39eea8d5e55299,volume_surge_momentum_confirm,volume_divergence,close;macd_hist;return_24h;sma_20;volume_zscore_24h,ok,ok,0.318027,0.025254,0.154248,121,0.528926,4,3.176,
355a8f9f-2a1f-435d-a1a8-c365b92e185b,20,ef0cbf245a4944e4,monday_dip_buy_rsi_oversold,calendar_effect,close;day_of_week;return_24h;rsi_14;sma_20,ok,ok,-1.214850,-0.095937,0.233422,43,0.558140,4,3.165,
355a8f9f-2a1f-435d-a1a8-c365b92e185b,21,a1dc43f91bc16116,rsi_momentum_surge_breakout,momentum,close;macd_hist;return_24h;rsi_14;sma_50,ok,ok,0.708350,0.072114,0.191319,178,0.421348,4,3.198,
355a8f9f-2a1f-435d-a1a8-c365b92e185b,22,cd1e4e1ad8f6c652,bb_mean_reversion_zscore_vol,mean_reversion,bb_upper_24_2;close;realized_vol_24h;return_24h;zscore_48,ok,ok,0.621867,0.051649,0.341756,106,0.660377,4,3.212,
355a8f9f-2a1f-435d-a1a8-c365b92e185b,23,68bccca2d478ec28,vol_compression_breakout_atr,volatility_regime,atr_14;close;realized_vol_24h;return_24h;sma_20,ok,ok,0.019054,-0.005684,0.569040,111,0.585586,4,3.195,
355a8f9f-2a1f-435d-a1a8-c365b92e185b,24,93805d5fa86220ec,volume_surge_momentum_divergence,volume_divergence,close;ema_12;macd_hist;return_24h;volume_zscore_24h,ok,ok,-1.559129,-0.060946,0.143153,18,0.388889,4,3.167,
355a8f9f-2a1f-435d-a1a8-c365b92e185b,25,f0e63923263b7a13,monday_dip_buying,calendar_effect,close;day_of_week;return_24h;rsi_14;sma_20,ok,ok,-0.904042,-0.087077,0.241305,42,0.452381,4,3.178,
355a8f9f-2a1f-435d-a1a8-c365b92e185b,26,e55ef973789d7b14,momentum_reversal_rsi_oversold,momentum,close;ema_26;macd_hist;return_24h;rsi_14,ok,ok,0.152647,-0.002024,0.051213,2,0.500000,4,3.164,
355a8f9f-2a1f-435d-a1a8-c365b92e185b,27,9a9c1173149a8235,bb_mean_reversion_oversold,mean_reversion,bb_upper_24_2;close;return_24h;rsi_14;sma_24;zscore_48,ok,ok,0.646011,0.056226,0.204623,95,0.673684,4,3.228,
355a8f9f-2a1f-435d-a1a8-c365b92e185b,28,d17fe04e23c11c2b,volatility_expansion_breakout,volatility_regime,close;realized_vol_24h;return_24h;sma_20;volume_zscore_24h,ok,ok,0.000000,0.000000,0.000000,0,0.000000,4,3.168,
355a8f9f-2a1f-435d-a1a8-c365b92e185b,29,dfc8ee66aae4733d,volume_divergence_price_strength,volume_divergence,close;return_24h;rsi_14;sma_20;volume_zscore_24h,ok,ok,-2.151865,-0.208190,0.482255,477,0.471698,4,3.237,
355a8f9f-2a1f-435d-a1a8-c365b92e185b,30,44fe71f77c2a01a7,monday_dip_buy,calendar_effect,close;day_of_week;return_1h;return_24h;rsi_14;sma_20,ok,ok,0.058328,-0.023204,0.362483,33,0.484848,4,3.197,
355a8f9f-2a1f-435d-a1a8-c365b92e185b,31,015da957fdd129b4,momentum_exhaustion_reversal,momentum,close;macd_hist;rsi_14;sma_50,ok,ok,0.575420,0.026571,0.127622,21,0.666667,4,3.165,
355a8f9f-2a1f-435d-a1a8-c365b92e185b,32,ef926e5a6a8cef2a,bollinger_mean_reversion_oversold,mean_reversion,bb_upper_24_2;close;rsi_14;zscore_48,ok,ok,0.720297,0.043086,0.262830,108,0.694444,4,3.223,
355a8f9f-2a1f-435d-a1a8-c365b92e185b,33,7a9132b4acb732f7,volatility_expansion_momentum,volatility_regime,close;ema_12;macd_hist;realized_vol_24h;return_24h,ok,ok,0.000000,0.000000,0.000000,0,0.000000,4,3.183,
355a8f9f-2a1f-435d-a1a8-c365b92e185b,34,a3bfc14fcd1f666e,volume_divergence_breakout,volume_divergence,close;return_24h;rsi_14;sma_20;volume_zscore_24h,ok,ok,-1.010162,-0.047764,0.158557,29,0.413793,4,3.180,
355a8f9f-2a1f-435d-a1a8-c365b92e185b,35,2c5e3cc08d407b73,monday_mean_reversion,calendar_effect,day_of_week;hour_of_day;return_168h;return_24h,ok,ok,0.235629,-0.011649,0.169502,26,0.500000,4,3.167,
355a8f9f-2a1f-435d-a1a8-c365b92e185b,36,0607c2826543b6bd,dual_ema_momentum_continuation,momentum,ema_12;ema_26;macd_hist;return_24h,ok,ok,0.129418,0.007620,0.244199,75,0.293333,4,3.187,
355a8f9f-2a1f-435d-a1a8-c365b92e185b,37,fa4c2a40e1dc68d3,bollinger_oversold_mean_reversion,mean_reversion,bb_upper_24_2;close;realized_vol_24h;rsi_14;zscore_48,ok,ok,1.035672,0.074604,0.094292,4,1.000000,4,3.203,
355a8f9f-2a1f-435d-a1a8-c365b92e185b,38,9b4e89966b17dc32,volatility_regime_breakout,volatility_regime,macd_hist;realized_vol_24h;return_1h;return_24h;rsi_14;volume_zscore_24h,ok,ok,0.000000,0.000000,0.000000,0,0.000000,4,3.182,
355a8f9f-2a1f-435d-a1a8-c365b92e185b,39,827414fabb99f661,volume_divergence_momentum_surge,volume_divergence,macd_hist;return_1h;return_24h;volume_zscore_24h,ok,ok,-0.127640,-0.018841,0.195246,74,0.486486,4,3.185,
355a8f9f-2a1f-435d-a1a8-c365b92e185b,40,03efcafde543264c,monday_weakness_volatility_fade,calendar_effect,day_of_week;realized_vol_24h;return_1h;return_24h;rsi_14,ok,ok,0.000000,0.000000,0.000000,0,0.000000,4,3.176,
355a8f9f-2a1f-435d-a1a8-c365b92e185b,41,d5f077a826648162,momentum_continuation_crossover,momentum,ema_12;ema_26;macd_hist;return_168h;return_1h;rsi_14,ok,ok,-0.105708,0.014391,0.123762,23,0.391304,4,3.199,
355a8f9f-2a1f-435d-a1a8-c365b92e185b,42,60231fcaef8db034,bollinger_overextension_reversion,mean_reversion,bb_upper_24_2;close;realized_vol_24h;return_1h;rsi_14;zscore_48,ok,ok,0.777642,0.058633,0.288624,98,0.693878,4,3.250,
355a8f9f-2a1f-435d-a1a8-c365b92e185b,43,ba3130938c27c5a0,volatility_compression_breakout,volatility_regime,atr_14;close;realized_vol_24h;return_24h;rsi_14;sma_20;volume_zscore_24h,ok,ok,-0.166996,-0.054671,0.565137,246,0.552846,4,3.255,
355a8f9f-2a1f-435d-a1a8-c365b92e185b,44,810efd85ee754104,volume_divergence_momentum_entry,volume_divergence,macd_hist;return_1h;return_24h;rsi_14;volume_zscore_24h,ok,ok,0.352815,0.063425,0.247130,33,0.424242,4,3.190,
355a8f9f-2a1f-435d-a1a8-c365b92e185b,45,f29ee0f71350c2c0,monday_dip_buying_anomaly,calendar_effect,day_of_week;return_168h;return_24h;rsi_14;volume_zscore_24h,ok,ok,0.816311,0.049368,0.227402,26,0.538462,4,3.180,
355a8f9f-2a1f-435d-a1a8-c365b92e185b,46,1d8f36f18bcdf986,macd_rsi_momentum_surge,momentum,macd_hist;return_1h;return_24h;rsi_14;volume_zscore_24h,ok,ok,-0.496354,-0.067522,0.363814,44,0.318182,4,3.202,
355a8f9f-2a1f-435d-a1a8-c365b92e185b,47,bc11a6a1e7226560,bb_reversion_oversold_bounce,mean_reversion,bb_upper_24_2;close;return_24h;rsi_14;volume_zscore_24h;zscore_48,ok,ok,0.874014,0.089038,0.218574,84,0.666667,4,3.241,
355a8f9f-2a1f-435d-a1a8-c365b92e185b,48,d1983fcbf8e63999,vol_regime_breakout_confirmation,volatility_regime,realized_vol_24h;return_1h;return_24h;rsi_14;volume_zscore_24h,ok,ok,0.000000,0.000000,0.000000,0,0.000000,4,3.191,
355a8f9f-2a1f-435d-a1a8-c365b92e185b,49,5fcf29ab42c5f8b6,volume_divergence_momentum_fade,volume_divergence,return_1h;return_24h;rsi_14;volume_zscore_24h,ok,ok,2.281513,0.270467,0.160695,146,0.575342,4,3.222,
355a8f9f-2a1f-435d-a1a8-c365b92e185b,50,4f702c80614321fb,weekend_volatility_mean_reversion,calendar_effect,day_of_week;realized_vol_24h;return_24h;rsi_14,ok,ok,0.000000,0.000000,0.000000,0,0.000000,4,3.183,
355a8f9f-2a1f-435d-a1a8-c365b92e185b,51,f08ea89e1d0a9197,macd_momentum_acceleration_entry,momentum,macd_hist;return_168h;return_24h;rsi_14;volume_zscore_24h,ok,ok,-0.021673,0.017257,0.223857,36,0.472222,4,3.206,
355a8f9f-2a1f-435d-a1a8-c365b92e185b,52,842c8a6ac4475a89,bollinger_band_oversold_reversion,mean_reversion,bb_upper_24_2;close;realized_vol_24h;return_24h;rsi_14;zscore_48,ok,ok,0.284471,0.015703,0.094195,1,1.000000,4,3.197,
355a8f9f-2a1f-435d-a1a8-c365b92e185b,53,4755bacb9cec1e25,low_vol_regime_breakout,volatility_regime,close;macd_hist;realized_vol_24h;return_24h;rsi_14;sma_20,ok,ok,0.312106,0.035001,0.376193,82,0.390244,4,3.256,
355a8f9f-2a1f-435d-a1a8-c365b92e185b,54,4bcd0a14c31f07b3,volume_divergence_momentum_fade,volume_divergence,close;return_1h;return_24h;rsi_14;sma_20;sma_50;volume_zscore_24h,ok,ok,-0.712400,-0.040661,0.277587,126,0.341270,4,3.236,
355a8f9f-2a1f-435d-a1a8-c365b92e185b,55,ec45681e9d06fd88,monday_volatility_compression_breakout,calendar_effect,close;day_of_week;ema_12;macd_hist;realized_vol_24h;return_24h;rsi_14,ok,ok,-1.116303,-0.029882,0.206604,29,0.310345,4,3.222,
355a8f9f-2a1f-435d-a1a8-c365b92e185b,56,956a881f80560240,momentum_acceleration_rsi_breakout,momentum,close;macd_hist;return_24h;rsi_14;sma_20,ok,ok,0.246147,0.027883,0.276315,105,0.466667,4,3.218,
355a8f9f-2a1f-435d-a1a8-c365b92e185b,57,293a0ac11fd2c407,bollinger_oversold_reversion_entry,mean_reversion,bb_upper_24_2;close;realized_vol_24h;return_24h;rsi_14;sma_24;zscore_48,ok,ok,0.329962,0.018757,0.094195,1,1.000000,4,3.204,
355a8f9f-2a1f-435d-a1a8-c365b92e185b,58,8199c66faf6a656e,volatility_expansion_momentum_entry,volatility_regime,close;realized_vol_24h;return_168h;return_24h;rsi_14;sma_50,ok,ok,0.000000,0.000000,0.000000,0,0.000000,4,3.219,
355a8f9f-2a1f-435d-a1a8-c365b92e185b,59,e80846c21ee131a7,volume_divergence_momentum_reversal,volume_divergence,close;return_24h;rsi_14;sma_20;volume_zscore_24h,ok,ok,0.550092,0.076534,0.456145,77,0.636364,4,3.212,
355a8f9f-2a1f-435d-a1a8-c365b92e185b,60,9561dd18d4f5e4f1,monday_dawn_volatility_fade,calendar_effect,close;day_of_week;hour_of_day;realized_vol_24h;return_24h;rsi_14;sma_20,ok,ok,0.000000,0.000000,0.000000,0,0.000000,4,3.201,
355a8f9f-2a1f-435d-a1a8-c365b92e185b,61,328b374d9cb81dd3,macd_histogram_acceleration_entry,momentum,close;ema_12;ema_26;macd_hist;return_168h;return_24h;rsi_14,ok,ok,-1.145435,-0.132868,0.356263,48,0.375000,4,3.216,
355a8f9f-2a1f-435d-a1a8-c365b92e185b,62,96d3d062e6df3a79,bollinger_lower_band_bounce_mean_reversion,mean_reversion,bb_upper_24_2;close;macd_hist;return_1h;return_24h;rsi_14;sma_24;zscore_48,ok,ok,0.000000,0.000000,0.000000,0,0.000000,4,3.211,
355a8f9f-2a1f-435d-a1a8-c365b92e185b,63,a4a7392b903f920e,high_vol_regime_momentum_breakout,volatility_regime,close;macd_hist;realized_vol_24h;return_168h;rsi_14;sma_50,ok,ok,0.000000,0.000000,0.000000,0,0.000000,4,3.242,
355a8f9f-2a1f-435d-a1a8-c365b92e185b,64,abd90743342267d8,volume_surge_divergence_momentum_entry,volume_divergence,close;ema_12;ema_26;macd_hist;return_168h;rsi_14;volume_zscore_24h,ok,ok,-1.449108,-0.048364,0.146111,12,0.250000,4,3.209,
355a8f9f-2a1f-435d-a1a8-c365b92e185b,65,784a1204fb07092d,monday_oversold_reversal_entry,calendar_effect,close;day_of_week;return_168h;return_24h;rsi_14;sma_20,ok,ok,0.552096,0.022249,0.328716,37,0.567568,4,3.215,
355a8f9f-2a1f-435d-a1a8-c365b92e185b,66,574081236b04e7dd,momentum_acceleration_ema_crossover,momentum,ema_12;ema_26;macd_hist;return_24h;rsi_14,ok,ok,-0.048957,-0.024904,0.336111,100,0.370000,4,3.207,
355a8f9f-2a1f-435d-a1a8-c365b92e185b,67,7baae904a411dc45,bb_upper_rejection_mean_reversion,mean_reversion,bb_upper_24_2;close;realized_vol_24h;return_24h;rsi_14;sma_24,ok,ok,0.526024,0.038721,0.131800,6,0.666667,4,3.199,
355a8f9f-2a1f-435d-a1a8-c365b92e185b,68,1125280243127540,low_volatility_breakout_continuation,volatility_regime,close;macd_hist;realized_vol_24h;rsi_14;sma_50,ok,ok,-0.162129,-0.059456,0.464060,80,0.375000,4,3.257,
355a8f9f-2a1f-435d-a1a8-c365b92e185b,69,12c335bd0ecb0126,volume_divergence_momentum_reversal,volume_divergence,close;ema_12;macd_hist;return_24h;rsi_14;volume_zscore_24h,ok,ok,0.883544,0.024010,0.365033,73,0.479452,4,3.215,
355a8f9f-2a1f-435d-a1a8-c365b92e185b,70,bc5ea1beab19fcdd,monday_momentum_continuation,calendar_effect,bb_upper_24_2;close;day_of_week;ema_12;macd_hist;return_24h;rsi_14,ok,ok,-0.233385,-0.003921,0.179000,58,0.482759,4,3.232,
355a8f9f-2a1f-435d-a1a8-c365b92e185b,71,ce5ebfac8a8d52ce,momentum_acceleration_regime_shift,momentum,bb_upper_24_2;close;macd_hist;return_168h;return_24h;rsi_14,ok,ok,0.347842,0.055712,0.255230,26,0.692308,4,3.214,
355a8f9f-2a1f-435d-a1a8-c365b92e185b,72,94e1ad2dbf47aca4,oversold_bollinger_mean_reversion,mean_reversion,bb_upper_24_2;close;return_1h;return_24h;rsi_14;sma_24;zscore_48,ok,ok,1.679617,0.219337,0.337360,79,0.658228,4,3.236,
355a8f9f-2a1f-435d-a1a8-c365b92e185b,73,ee488cfefdc12a92,low_volatility_breakout_entry,volatility_regime,close;macd_hist;realized_vol_24h;rsi_14;sma_20;volume_zscore_24h,ok,ok,-0.824365,-0.108356,0.400399,72,0.319444,4,3.227,
355a8f9f-2a1f-435d-a1a8-c365b92e185b,74,7a89a204b9651f55,volume_divergence_breakout_confirmation,volume_divergence,close;return_24h;rsi_14;sma_50;volume_zscore_24h,ok,ok,-0.170613,-0.013614,0.267188,18,0.444444,4,3.243,
355a8f9f-2a1f-435d-a1a8-c365b92e185b,75,b47c7a6979a88f2c,monday_momentum_continuation,calendar_effect,day_of_week;macd_hist;return_168h;return_24h;rsi_14;volume_zscore_24h,ok,ok,-0.000950,-0.002314,0.216239,22,0.500000,4,3.211,
355a8f9f-2a1f-435d-a1a8-c365b92e185b,76,e895b3ce218609fe,macd_histogram_momentum_surge,momentum,macd_hist;return_24h;rsi_14;volume_zscore_24h,ok,ok,-1.266268,-0.113682,0.318894,48,0.333333,4,3.195,
355a8f9f-2a1f-435d-a1a8-c365b92e185b,77,c774bf3c43233903,bollinger_mean_reversion_oversold,mean_reversion,bb_upper_24_2;close;realized_vol_24h;return_24h;rsi_14;zscore_48,ok,ok,1.625885,0.187051,0.115941,11,0.909091,4,3.208,
355a8f9f-2a1f-435d-a1a8-c365b92e185b,78,e694ffbb583ecaa5,volatility_compression_breakout,volatility_regime,atr_14;macd_hist;realized_vol_24h;return_24h;rsi_14,ok,ok,0.112868,0.081693,0.352283,281,0.313167,4,3.501,
355a8f9f-2a1f-435d-a1a8-c365b92e185b,79,ac05b06987f87da1,volume_divergence_price_decline,volume_divergence,macd_hist;return_24h;rsi_14;volume_zscore_24h,ok,ok,-0.539707,-0.034595,0.339547,66,0.454545,4,3.698,
355a8f9f-2a1f-435d-a1a8-c365b92e185b,80,185af0426f587dd4,monday_morning_dip_buy,calendar_effect,close;day_of_week;hour_of_day;return_24h;rsi_14;sma_20,ok,ok,0.681435,0.026037,0.191397,35,0.628571,4,3.758,
355a8f9f-2a1f-435d-a1a8-c365b92e185b,81,e0fffd5853b774ec,momentum_continuation_macd_rsi,momentum,macd_hist;return_24h;rsi_14,ok,ok,-0.718451,-0.085335,0.424753,68,0.441176,4,3.368,
355a8f9f-2a1f-435d-a1a8-c365b92e185b,82,e344524d3ce47ec7,bollinger_oversold_reversion,mean_reversion,close;realized_vol_24h;return_24h;rsi_14;sma_24;zscore_48,ok,ok,0.994078,0.117155,0.245073,14,0.785714,4,3.703,
355a8f9f-2a1f-435d-a1a8-c365b92e185b,83,75a79b23c95f97c2,low_vol_breakout_entry,volatility_regime,close;macd_hist;realized_vol_24h;rsi_14;sma_50;volume_zscore_24h,ok,ok,-0.826376,-0.090391,0.371776,67,0.298507,4,3.594,
355a8f9f-2a1f-435d-a1a8-c365b92e185b,84,3c32a13563c24140,volume_divergence_momentum_fade,volume_divergence,close;macd_hist;return_1h;return_24h;rsi_14;sma_20;volume_zscore_24h,ok,ok,-1.479116,-0.137266,0.379096,160,0.362500,4,3.513,
355a8f9f-2a1f-435d-a1a8-c365b92e185b,85,122845f1f8d69687,monday_dip_buy,calendar_effect,close;day_of_week;return_24h;rsi_14;sma_20,ok,ok,-0.033242,-0.029860,0.211446,36,0.500000,4,3.759,
355a8f9f-2a1f-435d-a1a8-c365b92e185b,86,a3b04839fed03a89,macd_hist_momentum_surge,momentum,close;ema_12;ema_26;macd_hist;return_24h;rsi_14,ok,ok,-0.285560,-0.021213,0.280978,52,0.346154,4,3.561,
355a8f9f-2a1f-435d-a1a8-c365b92e185b,87,0f0259841c74e7bd,bbands_reversal_mean_revert,mean_reversion,bb_upper_24_2;close;return_24h;rsi_14;zscore_48,ok,ok,1.161191,0.131320,0.234430,88,0.681818,4,3.510,
355a8f9f-2a1f-435d-a1a8-c365b92e185b,88,2582344b47ba5d7c,vol_regime_breakout_long,volatility_regime,close;realized_vol_24h;return_168h;return_24h;rsi_14;sma_50,ok,ok,0.000000,0.000000,0.000000,0,0.000000,4,3.230,
355a8f9f-2a1f-435d-a1a8-c365b92e185b,89,1145dcedf733adc9,volume_divergence_breakout,volume_divergence,close;ema_12;return_1h;return_24h;rsi_14;volume_zscore_24h,ok,ok,-2.116076,-0.153663,0.368479,35,0.228571,4,3.261,
355a8f9f-2a1f-435d-a1a8-c365b92e185b,90,3d4443d61c85b936,monday_momentum_long,calendar_effect,close;day_of_week;ema_26;hour_of_day;return_168h;return_24h;rsi_14,ok,ok,1.239322,0.041952,0.046821,40,0.525000,4,3.234,
355a8f9f-2a1f-435d-a1a8-c365b92e185b,91,e8cc429c0fef56e5,macd_hist_reversal_long,momentum,close;macd_hist;return_24h;rsi_14;sma_50,ok,ok,0.795221,0.032286,0.047193,2,1.000000,4,3.225,
355a8f9f-2a1f-435d-a1a8-c365b92e185b,92,3e06acb1f1049fbf,bb_oversold_mean_reversion,mean_reversion,bb_upper_24_2;close;realized_vol_24h;return_1h;return_24h;rsi_14;sma_24,ok,ok,0.000000,0.000000,0.000000,0,0.000000,4,3.213,
355a8f9f-2a1f-435d-a1a8-c365b92e185b,93,889e9cce2cc80678,vol_regime_expansion_long,volatility_regime,macd_hist;realized_vol_24h;return_24h;rsi_14;zscore_48,ok,ok,-0.245083,-0.012273,0.154055,1,0.000000,4,3.211,
355a8f9f-2a1f-435d-a1a8-c365b92e185b,94,c0cb1b2177a40a42,volume_surge_momentum_long,volume_divergence,macd_hist;return_24h;rsi_14;volume_zscore_24h,ok,ok,-1.216922,-0.090158,0.384393,60,0.516667,4,3.231,
355a8f9f-2a1f-435d-a1a8-c365b92e185b,95,3d6f33897faac9d5,monday_mean_reversion_long,calendar_effect,close;day_of_week;return_168h;return_24h;rsi_14;sma_24;sma_50,ok,ok,0.454549,0.041958,0.394631,30,0.566667,4,3.285,
355a8f9f-2a1f-435d-a1a8-c365b92e185b,96,f6932c497596c75d,momentum_confirmation_cross_long,momentum,ema_12;ema_26;macd_hist;return_24h;rsi_14,ok,ok,0.154797,0.002931,0.412449,84,0.369048,4,3.244,
355a8f9f-2a1f-435d-a1a8-c365b92e185b,97,ba539eaca8c5b25d,bollinger_oversold_reversion_long,mean_reversion,bb_upper_24_2;close;return_1h;return_24h;rsi_14;sma_24;zscore_48,ok,ok,0.000000,0.000000,0.000000,0,0.000000,4,3.235,
355a8f9f-2a1f-435d-a1a8-c365b92e185b,98,8991d3fb18cfaa4b,high_volatility_regime_breakout_long,volatility_regime,close;macd_hist;realized_vol_24h;rsi_14;sma_20,ok,ok,0.000000,0.000000,0.000000,0,0.000000,4,3.215,
355a8f9f-2a1f-435d-a1a8-c365b92e185b,99,244e522bd81170eb,volume_divergence_momentum_reversal_long,volume_divergence,macd_hist;return_24h;rsi_14;volume_zscore_24h;zscore_48,ok,ok,-0.563564,-0.090119,0.299057,142,0.485915,4,3.246,
355a8f9f-2a1f-435d-a1a8-c365b92e185b,100,d57b764571c92679,monday_weakness_reversal_long,calendar_effect,close;day_of_week;return_24h;rsi_14;sma_20;sma_50,ok,ok,0.432962,0.061090,0.388787,29,0.448276,4,3.258,
355a8f9f-2a1f-435d-a1a8-c365b92e185b,101,98aa036990c3de0c,momentum_continuation_ema_crossover_long,momentum,ema_12;ema_26;macd_hist;return_24h;rsi_14,ok,ok,-0.619888,-0.065760,0.255041,59,0.355932,4,3.233,
355a8f9f-2a1f-435d-a1a8-c365b92e185b,102,9ffab4e51db75b50,bollinger_mean_reversion_oversold_long,mean_reversion,bb_upper_24_2;close;return_1h;return_24h;rsi_14;sma_24;zscore_48,ok,ok,1.292343,0.178584,0.241506,108,0.657407,4,3.271,
355a8f9f-2a1f-435d-a1a8-c365b92e185b,103,afff0b2dc833a8c9,volatility_expansion_breakout_long,volatility_regime,bb_upper_24_2;close;macd_hist;realized_vol_24h;rsi_14;sma_20;volume_zscore_24h,ok,ok,0.000000,0.000000,0.000000,0,0.000000,4,3.236,
355a8f9f-2a1f-435d-a1a8-c365b92e185b,104,cee61e39df3e64fa,volume_divergence_momentum_reversal_long,volume_divergence,close;macd_hist;return_24h;rsi_14;sma_20;volume_zscore_24h,ok,ok,0.419173,0.012834,0.268220,83,0.662651,4,3.239,
355a8f9f-2a1f-435d-a1a8-c365b92e185b,105,fb0dfc38dfd26ea3,weekend_effect_volatility_fade_long,calendar_effect,close;day_of_week;hour_of_day;realized_vol_24h;return_24h;rsi_14;sma_20,ok,ok,0.000000,0.000000,0.000000,0,0.000000,4,3.258,
355a8f9f-2a1f-435d-a1a8-c365b92e185b,106,854b3ae01f324583,momentum_persistence_ema_crossover_long,momentum,ema_12;ema_26;macd_hist;return_24h;rsi_14;volume_zscore_24h,ok,ok,0.519958,0.049739,0.155407,26,0.346154,4,3.235,
355a8f9f-2a1f-435d-a1a8-c365b92e185b,107,000fd48018c48486,bollinger_reversal_oversold_long,mean_reversion,bb_upper_24_2;close;return_24h;rsi_14;sma_24;zscore_48,ok,ok,0.559686,0.021428,0.310123,77,0.662338,4,3.241,
355a8f9f-2a1f-435d-a1a8-c365b92e185b,108,60342b676128c0b2,volatility_regime_shift_breakout_long,volatility_regime,close;macd_hist;realized_vol_24h;return_24h;rsi_14;sma_50,ok,ok,0.000000,0.000000,0.000000,0,0.000000,4,3.214,
355a8f9f-2a1f-435d-a1a8-c365b92e185b,109,6ad7b67c888ffe7b,volume_divergence_momentum_fade_long,volume_divergence,macd_hist;return_1h;return_24h;rsi_14;volume_zscore_24h,ok,ok,-0.616158,-0.041195,0.195180,78,0.384615,4,3.238,
355a8f9f-2a1f-435d-a1a8-c365b92e185b,110,245f46428412561a,monday_morning_contrarian_long,calendar_effect,day_of_week;hour_of_day;return_168h;return_24h;rsi_14,ok,ok,1.362765,0.033006,0.117238,8,0.625000,4,3.249,
355a8f9f-2a1f-435d-a1a8-c365b92e185b,111,6e139359124baae3,momentum_exhaustion_bb_reversion_long,momentum,bb_upper_24_2;close;macd_hist;return_24h;rsi_14;sma_24,ok,ok,0.849798,0.095303,0.241506,137,0.671533,4,3.280,
355a8f9f-2a1f-435d-a1a8-c365b92e185b,112,deb30899fa040877,volatility_compression_zscore_reversion_long,mean_reversion,macd_hist;realized_vol_24h;return_24h;rsi_14;zscore_48,ok,ok,0.395253,0.006391,0.283609,106,0.641509,4,3.227,
355a8f9f-2a1f-435d-a1a8-c365b92e185b,113,05dd49fc65b92641,volatility_spike_fade_long,volatility_regime,atr_14;close;macd_hist;realized_vol_24h;return_24h;sma_20,ok,ok,0.273904,0.013274,0.089271,3,0.666667,4,3.219,
355a8f9f-2a1f-435d-a1a8-c365b92e185b,114,a540992fa444f39f,volume_divergence_momentum_continuation_long,volume_divergence,ema_12;ema_26;macd_hist;return_24h;volume_zscore_24h,ok,ok,-0.410956,-0.016630,0.154598,15,0.400000,4,3.243,
355a8f9f-2a1f-435d-a1a8-c365b92e185b,115,6fa80c734d8c85bd,monday_effect_momentum_continuation_long,calendar_effect,close;day_of_week;macd_hist;return_168h;return_24h;rsi_14;sma_50,ok,ok,0.152556,0.025471,0.207754,119,0.436975,4,3.250,
355a8f9f-2a1f-435d-a1a8-c365b92e185b,116,f2a11efd5b391406,momentum_continuation_weekly_breakout_long,momentum,close;macd_hist;return_168h;rsi_14;sma_50,ok,ok,0.053529,0.027314,0.195916,28,0.321429,4,3.279,
355a8f9f-2a1f-435d-a1a8-c365b92e185b,117,97293e98be38a917,oversold_bounce_rsi_bb_mean_reversion_long,mean_reversion,close;macd_hist;realized_vol_24h;return_1h;return_24h;rsi_14;sma_24,ok,ok,0.000000,0.000000,0.000000,0,0.000000,4,3.213,
355a8f9f-2a1f-435d-a1a8-c365b92e185b,118,e75b8978ea8549bd,vol_regime_shift_compression_breakout_long,volatility_regime,atr_14;close;realized_vol_24h;return_24h;rsi_14;sma_20,ok,ok,0.665833,0.189608,0.561268,100,0.470000,4,3.253,
355a8f9f-2a1f-435d-a1a8-c365b92e185b,119,7015fbe78368c54c,volume_divergence_breakout_confirmation_long,volume_divergence,close;macd_hist;rsi_14;sma_50;volume_zscore_24h,ok,ok,0.049315,-0.006962,0.154975,29,0.448276,4,3.229,
355a8f9f-2a1f-435d-a1a8-c365b92e185b,120,41c1405d6cf1b8f5,weekend_vol_compression_momentum_long,calendar_effect,close;day_of_week;ema_12;realized_vol_24h;return_24h;rsi_14,ok,ok,0.385381,0.044151,0.271807,74,0.364865,4,3.242,
355a8f9f-2a1f-435d-a1a8-c365b92e185b,121,38df2ee4704a74af,momentum_persistence_ema_crossover_long,momentum,ema_12;ema_26;macd_hist;return_24h;rsi_14,ok,ok,-0.143017,-0.003996,0.216244,44,0.340909,4,3.279,
355a8f9f-2a1f-435d-a1a8-c365b92e185b,122,cfd70086acfe1ce7,mean_reversion_bb_oversold_bounce_long,mean_reversion,bb_upper_24_2;close;return_1h;return_24h;rsi_14;zscore_48,ok,ok,1.078099,0.099120,0.231088,97,0.680412,4,3.248,
355a8f9f-2a1f-435d-a1a8-c365b92e185b,123,d85a6bf66cc58229,volatility_expansion_breakout_long,volatility_regime,close;realized_vol_24h;return_168h;return_24h;rsi_14;sma_50;volume_zscore_24h,ok,ok,0.000000,0.000000,0.000000,0,0.000000,4,3.218,
355a8f9f-2a1f-435d-a1a8-c365b92e185b,124,bbd22ead73f1d756,volume_divergence_momentum_fade_long,volume_divergence,close;return_1h;return_24h;rsi_14;sma_50;volume_zscore_24h,ok,ok,0.147933,-0.003986,0.417543,110,0.381818,4,3.252,
355a8f9f-2a1f-435d-a1a8-c365b92e185b,125,4ebcd2f9f7b701a4,monday_volatility_breakout_long,calendar_effect,close;day_of_week;realized_vol_24h;return_1h;return_24h;rsi_14;sma_20,ok,ok,0.000000,0.000000,0.000000,0,0.000000,4,3.229,
355a8f9f-2a1f-435d-a1a8-c365b92e185b,126,81b8a10a0b95ab04,macd_histogram_momentum_reversal_long,momentum,close;ema_26;macd_hist;return_24h;rsi_14,ok,ok,0.070579,-0.001757,0.472502,68,0.602941,4,3.290,
355a8f9f-2a1f-435d-a1a8-c365b92e185b,127,e54577d91d191675,bollinger_mean_reversion_oversold_long,mean_reversion,bb_upper_24_2;close;realized_vol_24h;return_1h;return_24h;rsi_14;sma_24,ok,ok,0.000000,0.000000,0.000000,0,0.000000,4,3.229,
355a8f9f-2a1f-435d-a1a8-c365b92e185b,128,4ad574b031f51e1c,volatility_compression_expansion_long,volatility_regime,atr_14;close;macd_hist;realized_vol_24h;rsi_14;sma_24;sma_50,ok,ok,0.000000,0.000000,0.000000,0,0.000000,4,3.235,
355a8f9f-2a1f-435d-a1a8-c365b92e185b,129,8e1d9ef098c1d65c,volume_surge_momentum_continuation_long,volume_divergence,close;ema_26;return_24h;rsi_14;volume_zscore_24h,ok,ok,0.006571,-0.003045,0.214016,113,0.469027,4,3.238,
355a8f9f-2a1f-435d-a1a8-c365b92e185b,130,5f728577e942d2a0,weekend_reversal_monday_long,calendar_effect,close;day_of_week;ema_26;hour_of_day;return_168h;return_24h;rsi_14,ok,ok,1.465168,0.028490,0.126642,7,0.714286,4,3.248,
355a8f9f-2a1f-435d-a1a8-c365b92e185b,131,740b14260e39b850,macd_histogram_momentum_acceleration_long,momentum,close;ema_26;macd_hist;return_24h;rsi_14,ok,ok,-1.656188,-0.176326,0.438080,98,0.418367,4,3.281,
355a8f9f-2a1f-435d-a1a8-c365b92e185b,132,a65443dc29533024,zscore_reversal_oversold_long,mean_reversion,close;return_24h;rsi_14;sma_50;zscore_48,ok,ok,0.000000,0.000000,0.000000,0,0.000000,4,3.223,
355a8f9f-2a1f-435d-a1a8-c365b92e185b,134,b43131f78f05d50e,volume_spike_momentum_divergence_long,volume_divergence,close;macd_hist;return_24h;rsi_14;sma_20;volume_zscore_24h,ok,ok,-0.911007,-0.053006,0.256090,16,0.562500,4,3.229,
355a8f9f-2a1f-435d-a1a8-c365b92e185b,135,7f42ab5453fddc3a,weekday_momentum_entry_long,calendar_effect,close;day_of_week;macd_hist;return_24h;rsi_14;sma_20,ok,ok,0.054952,0.032987,0.342954,40,0.475000,4,3.237,
355a8f9f-2a1f-435d-a1a8-c365b92e185b,136,6e6c287251a4ca6e,macd_crossover_momentum_acceleration_long,momentum,close;ema_12;macd_hist;return_24h;rsi_14,ok,ok,0.040604,0.029019,0.376629,48,0.604167,4,3.244,
355a8f9f-2a1f-435d-a1a8-c365b92e185b,137,3bb156e7210766a9,bollinger_mean_reversion_oversold_long,mean_reversion,bb_upper_24_2;close;realized_vol_24h;return_24h;rsi_14;sma_24,ok,ok,0.000000,0.000000,0.000000,0,0.000000,4,3.219,
355a8f9f-2a1f-435d-a1a8-c365b92e185b,138,db60895d22ead7aa,low_vol_breakout_long,volatility_regime,close;realized_vol_24h;return_24h;rsi_14;sma_50,ok,ok,0.291486,-0.000245,0.445069,20,0.500000,4,3.279,
355a8f9f-2a1f-435d-a1a8-c365b92e185b,139,c2523e2537726216,volume_divergence_momentum_breakout_long,volume_divergence,close;macd_hist;return_24h;rsi_14;sma_20;volume_zscore_24h,ok,ok,0.483020,0.008795,0.298806,21,0.619048,4,3.238,
355a8f9f-2a1f-435d-a1a8-c365b92e185b,140,e35f542c1dd0d9b8,monday_dip_buy_calendar_effect,calendar_effect,day_of_week;hour_of_day;return_1h;return_24h;rsi_14,ok,ok,-0.028254,-0.022362,0.213284,39,0.512821,4,3.222,
355a8f9f-2a1f-435d-a1a8-c365b92e185b,141,3abf60dbb221a106,momentum_acceleration_rsi_surge_long,momentum,close;ema_12;macd_hist;return_24h;rsi_14,ok,ok,-0.114824,-0.004446,0.163266,50,0.360000,4,3.235,
355a8f9f-2a1f-435d-a1a8-c365b92e185b,142,26f2698792e4486e,oversold_mean_revert_bb_bounce,mean_reversion,bb_upper_24_2;close;return_1h;return_24h;rsi_14;sma_24;zscore_48,ok,ok,0.897464,0.085043,0.243083,106,0.688679,4,3.259,
355a8f9f-2a1f-435d-a1a8-c365b92e185b,144,0a6c9b34b3540967,volume_divergence_momentum_fade,volume_divergence,close;ema_12;macd_hist;return_1h;return_24h;rsi_14;volume_zscore_24h,ok,ok,-1.479168,-0.124091,0.272700,115,0.347826,4,3.313,
355a8f9f-2a1f-435d-a1a8-c365b92e185b,145,f3de4abbdcc64456,monday_weakness_fade_mean_revert,calendar_effect,close;day_of_week;return_1h;return_24h;rsi_14;sma_20,ok,ok,-0.372777,-0.036344,0.292296,37,0.594595,4,3.242,
355a8f9f-2a1f-435d-a1a8-c365b92e185b,146,1990cc5d562ed056,macd_momentum_confirmation_breakout,momentum,close;ema_12;macd_hist;return_1h;rsi_14,ok,ok,-1.530717,-0.180049,0.404773,64,0.281250,4,3.249,
355a8f9f-2a1f-435d-a1a8-c365b92e185b,147,4964c1e7f4e66ace,bb_overshoot_volatility_reversion,mean_reversion,bb_upper_24_2;close;realized_vol_24h;return_1h;rsi_14;sma_24;zscore_48,ok,ok,0.442813,0.013212,0.005531,1,1.000000,4,3.236,
355a8f9f-2a1f-435d-a1a8-c365b92e185b,148,ad53ed3109ccde89,vol_regime_shift_momentum_entry,volatility_regime,close;ema_26;macd_hist;realized_vol_24h;return_1h;rsi_14,ok,ok,0.000000,0.000000,0.000000,0,0.000000,4,3.228,
355a8f9f-2a1f-435d-a1a8-c365b92e185b,149,4f1b2bccdcddfc25,volume_divergence_momentum_fade,volume_divergence,close;macd_hist;return_1h;rsi_14;sma_50;volume_zscore_24h,ok,ok,-0.225817,-0.024987,0.259515,75,0.386667,4,3.271,
355a8f9f-2a1f-435d-a1a8-c365b92e185b,150,80823f5de9addeec,monday_morning_volatility_fade,calendar_effect,day_of_week;hour_of_day;realized_vol_24h;return_1h;rsi_14,ok,ok,0.000000,0.000000,0.000000,0,0.000000,4,3.224,
355a8f9f-2a1f-435d-a1a8-c365b92e185b,151,22133f0836ffa829,macd_cross_vol_expansion_momentum,momentum,atr_14;close;macd_hist;return_1h;rsi_14;sma_20,ok,ok,-0.610795,-0.099951,0.491343,79,0.569620,4,3.257,
355a8f9f-2a1f-435d-a1a8-c365b92e185b,152,7b12318c373254c5,bb_reversion_oversold_vol_spike,mean_reversion,bb_upper_24_2;close;realized_vol_24h;return_1h;rsi_14;sma_24;zscore_48,ok,ok,0.000000,0.000000,0.000000,0,0.000000,4,3.229,
355a8f9f-2a1f-435d-a1a8-c365b92e185b,153,b98b7e9801bb9981,vol_compression_ema_crossover,volatility_regime,close;ema_12;ema_26;macd_hist;realized_vol_24h;rsi_14;sma_50,ok,ok,0.963344,0.191903,0.458334,40,0.525000,4,3.263,
355a8f9f-2a1f-435d-a1a8-c365b92e185b,154,02f8fda73135b5bf,volume_divergence_oversold_reversion,volume_divergence,close;return_24h;rsi_14;sma_20;sma_50;volume_zscore_24h;zscore_48,ok,ok,0.830646,0.041910,0.132641,22,0.636364,4,3.238,
355a8f9f-2a1f-435d-a1a8-c365b92e185b,155,7d0388bf9239fcca,monday_morning_dip_buy,calendar_effect,close;day_of_week;hour_of_day;return_24h;rsi_14;sma_20,ok,ok,0.221411,-0.012637,0.199215,29,0.586207,4,3.288,
355a8f9f-2a1f-435d-a1a8-c365b92e185b,156,56a48e258a754043,momentum_continuation_breakout,momentum,close;macd_hist;return_24h;rsi_14;sma_20;sma_50,ok,ok,-1.748904,-0.077814,0.225256,45,0.355556,4,3.245,
355a8f9f-2a1f-435d-a1a8-c365b92e185b,157,42292860be1ff273,bollinger_squeeze_mean_reversion,mean_reversion,bb_upper_24_2;close;realized_vol_24h;return_24h;rsi_14;zscore_48,ok,ok,0.521121,0.030061,0.292060,92,0.663043,4,3.259,
355a8f9f-2a1f-435d-a1a8-c365b92e185b,158,738f4279667c33c7,volatility_regime_shift_reentry,volatility_regime,atr_14;realized_vol_24h;return_24h;rsi_14;zscore_48,ok,ok,-0.007310,-0.048421,0.521867,75,0.586667,4,3.259,
355a8f9f-2a1f-435d-a1a8-c365b92e185b,159,bab68fd782851cce,volume_divergence_momentum_fade,volume_divergence,macd_hist;return_1h;return_24h;rsi_14;volume_zscore_24h,ok,ok,0.606891,0.045725,0.257862,76,0.631579,4,3.226,
355a8f9f-2a1f-435d-a1a8-c365b92e185b,160,5d34af9257d20963,monday_dip_buying,calendar_effect,close;day_of_week;return_1h;return_24h;rsi_14;sma_24,ok,ok,-0.713327,-0.081213,0.228965,31,0.580645,4,3.276,
355a8f9f-2a1f-435d-a1a8-c365b92e185b,161,5fa9037ddc1fe457,momentum_exhaustion_reversal,momentum,close;macd_hist;return_1h;return_24h;rsi_14;sma_50,ok,ok,-1.318146,-0.056223,0.119319,59,0.254237,4,3.245,
355a8f9f-2a1f-435d-a1a8-c365b92e185b,162,d510946f457e31eb,bollinger_overextension_reversion,mean_reversion,bb_upper_24_2;close;return_1h;return_24h;rsi_14;sma_24;zscore_48,ok,ok,1.157035,0.087474,0.156332,91,0.428571,4,3.261,
355a8f9f-2a1f-435d-a1a8-c365b92e185b,163,77fa94157e7fe4fb,low_volatility_breakout_entry,volatility_regime,close;macd_hist;realized_vol_24h;return_1h;return_24h;sma_20,ok,ok,0.798670,0.033822,0.379972,75,0.493333,4,3.258,
355a8f9f-2a1f-435d-a1a8-c365b92e185b,164,88441fdd463818fd,volume_divergence_breakout,volume_divergence,close;macd_hist;return_1h;rsi_14;sma_20;volume_zscore_24h,ok,ok,-0.956286,-0.064573,0.238630,23,0.434783,4,3.232,
355a8f9f-2a1f-435d-a1a8-c365b92e185b,165,e54db0cac44ff61c,monday_morning_low_vol_fade,calendar_effect,close;day_of_week;hour_of_day;realized_vol_24h;return_1h;return_24h;sma_20,ok,ok,0.740833,0.043605,0.265930,33,0.636364,4,3.291,
355a8f9f-2a1f-435d-a1a8-c365b92e185b,166,7f48614e82c0c5ef,momentum_continuation_rsi_pullback,momentum,close;macd_hist;return_1h;return_24h;rsi_14;sma_50,ok,ok,-0.286516,0.013446,0.095595,11,0.545455,4,3.231,
355a8f9f-2a1f-435d-a1a8-c365b92e185b,167,f34514f37c9a57a0,bollinger_mean_reversion_fade,mean_reversion,bb_upper_24_2;close;realized_vol_24h;return_24h;rsi_14;zscore_48,ok,ok,0.204979,-0.011237,0.312696,89,0.595506,4,3.254,
355a8f9f-2a1f-435d-a1a8-c365b92e185b,168,7e0ca36b2c8316ac,vol_breakout_regime_shift,volatility_regime,close;macd_hist;realized_vol_24h;return_24h;rsi_14;sma_20,ok,ok,0.000000,0.000000,0.000000,0,0.000000,4,3.228,
355a8f9f-2a1f-435d-a1a8-c365b92e185b,169,39b71e6c0f8c57ae,volume_divergence_breakout,volume_divergence,close;macd_hist;return_24h;sma_24;volume_zscore_24h,ok,ok,-0.617144,-0.023853,0.163948,19,0.578947,4,3.229,
355a8f9f-2a1f-435d-a1a8-c365b92e185b,170,5b4d89be0ccb9be1,monday_dip_reversal,calendar_effect,close;day_of_week;ema_12;macd_hist;return_24h;rsi_14,ok,ok,0.839511,0.018719,0.038046,6,0.500000,4,3.260,
355a8f9f-2a1f-435d-a1a8-c365b92e185b,171,0794a146965635c6,momentum_surge_continuation,momentum,macd_hist;return_24h;rsi_14,ok,ok,-1.163843,-0.113000,0.384097,57,0.526316,4,3.210,
355a8f9f-2a1f-435d-a1a8-c365b92e185b,172,1e45fa6b0301ff86,oversold_bb_mean_reversion,mean_reversion,bb_upper_24_2;close;macd_hist;return_24h;rsi_14;sma_24;zscore_48,ok,ok,0.057270,-0.009885,0.257351,94,0.627660,4,3.255,
355a8f9f-2a1f-435d-a1a8-c365b92e185b,173,8e0f89d9947cb1be,low_vol_regime_breakout,volatility_regime,close;macd_hist;realized_vol_24h;return_24h;sma_50,ok,ok,-0.222189,-0.071540,0.453715,86,0.395349,4,3.253,
355a8f9f-2a1f-435d-a1a8-c365b92e185b,174,546db53d61d19ec7,volume_divergence_reversal,volume_divergence,macd_hist;return_24h;rsi_14;volume_zscore_24h;zscore_48,ok,ok,0.455927,0.013433,0.073874,11,0.454545,4,3.226,
355a8f9f-2a1f-435d-a1a8-c365b92e185b,175,ee13b149f68472f5,monday_dip_buy,calendar_effect,close;day_of_week;macd_hist;return_24h;rsi_14;sma_20,ok,ok,-0.243447,-0.017447,0.162731,36,0.527778,4,3.242,
355a8f9f-2a1f-435d-a1a8-c365b92e185b,176,393e1afe8e4e7a05,momentum_acceleration_24h,momentum,close;ema_12;ema_26;macd_hist;return_24h;rsi_14,ok,ok,0.454223,0.059895,0.246926,115,0.373913,4,3.296,
355a8f9f-2a1f-435d-a1a8-c365b92e185b,177,29033e516c9caa85,bollinger_overextension_fade,mean_reversion,bb_upper_24_2;close;macd_hist;return_24h;rsi_14;sma_24;zscore_48,ok,ok,0.879906,0.080301,0.276146,89,0.640449,4,3.279,
355a8f9f-2a1f-435d-a1a8-c365b92e185b,178,87cbbd33d5eb3a92,high_vol_breakout_ema_cross,volatility_regime,close;ema_12;ema_26;macd_hist;realized_vol_24h;return_24h;volume_zscore_24h,ok,ok,0.000000,0.000000,0.000000,0,0.000000,4,3.231,
355a8f9f-2a1f-435d-a1a8-c365b92e185b,179,54ae22768a3f78e9,volume_divergence_reversal,volume_divergence,close;macd_hist;return_24h;rsi_14;sma_50;volume_zscore_24h,ok,ok,2.879716,0.054169,0.103225,18,0.833333,4,3.242,
355a8f9f-2a1f-435d-a1a8-c365b92e185b,180,a2bef7a7dcc3184c,monday_morning_reversal,calendar_effect,day_of_week;hour_of_day;return_168h;return_24h;rsi_14,ok,ok,0.839643,0.033318,0.178163,27,0.629630,4,3.228,
355a8f9f-2a1f-435d-a1a8-c365b92e185b,181,3e9a21d8b906a9fe,momentum_surge_rsi_breakout,momentum,close;ema_12;ema_26;macd_hist;return_24h;rsi_14,ok,ok,-0.112944,-0.004260,0.162673,50,0.360000,4,3.293,
355a8f9f-2a1f-435d-a1a8-c365b92e185b,182,f282b4e3949b7e71,bb_squeeze_mean_revert,mean_reversion,bb_upper_24_2;close;realized_vol_24h;return_24h;rsi_14;sma_24;zscore_48,ok,ok,0.000000,0.000000,0.000000,0,0.000000,4,3.522,
355a8f9f-2a1f-435d-a1a8-c365b92e185b,183,31a4a83db48c82af,vol_regime_shift_entry,volatility_regime,close;ema_26;macd_hist;realized_vol_24h;return_24h;rsi_14;sma_20;zscore_48,ok,ok,-0.514530,-0.017837,0.128903,1,0.000000,4,3.585,
355a8f9f-2a1f-435d-a1a8-c365b92e185b,184,ad2fe1836a3f0c34,volume_divergence_reversal,volume_divergence,close;return_24h;rsi_14;sma_20;volume_zscore_24h,ok,ok,-0.032941,-0.010105,0.265798,66,0.636364,4,3.758,
355a8f9f-2a1f-435d-a1a8-c365b92e185b,185,0f699d77f5266402,monday_dip_buying,calendar_effect,close;day_of_week;return_24h;rsi_14;sma_20,ok,ok,0.442444,0.055682,0.385295,29,0.482759,4,3.507,
355a8f9f-2a1f-435d-a1a8-c365b92e185b,186,a93042a566eda8e3,macd_momentum_surge,momentum,close;ema_26;macd_hist;return_24h;rsi_14,ok,ok,0.187306,0.016449,0.416062,50,0.520000,4,3.599,
355a8f9f-2a1f-435d-a1a8-c365b92e185b,187,5cfa54dcc00e06d7,bollinger_oversold_bounce,mean_reversion,bb_upper_24_2;close;return_24h;rsi_14;sma_24;volume_zscore_24h;zscore_48,ok,ok,1.700946,0.191079,0.284947,98,0.642857,4,3.815,
355a8f9f-2a1f-435d-a1a8-c365b92e185b,188,67e1eb65a23d2ea5,volatility_compression_breakout,volatility_regime,close;realized_vol_24h;return_24h;rsi_14;sma_50;volume_zscore_24h;zscore_48,ok,ok,0.512986,0.024988,0.498394,115,0.382609,4,3.551,
355a8f9f-2a1f-435d-a1a8-c365b92e185b,189,ccab163ca130a143,volume_divergence_reversal,volume_divergence,close;return_1h;return_24h;rsi_14;sma_50;volume_zscore_24h,ok,ok,1.105359,0.031080,0.058717,8,0.625000,4,3.563,
355a8f9f-2a1f-435d-a1a8-c365b92e185b,190,916057b3c9befa3e,monday_dip_buying,calendar_effect,close;day_of_week;return_24h;rsi_14;sma_20,ok,ok,0.193203,0.005897,0.303857,32,0.500000,4,3.755,
355a8f9f-2a1f-435d-a1a8-c365b92e185b,191,86ee9c344e85bc78,momentum_acceleration_surge,momentum,close;ema_26;macd_hist;return_1h;return_24h;rsi_14,ok,ok,-0.738300,-0.073457,0.292375,46,0.456522,4,3.267,
355a8f9f-2a1f-435d-a1a8-c365b92e185b,192,8960224bc556f4df,bb_touch_mean_revert,mean_reversion,bb_upper_24_2;close;realized_vol_24h;return_168h;return_1h;return_24h;rsi_14;sma_24,ok,ok,0.000000,0.000000,0.000000,0,0.000000,4,3.292,
355a8f9f-2a1f-435d-a1a8-c365b92e185b,193,e8fc9f627e4becf5,vol_spike_reversal_fade,volatility_regime,close;realized_vol_24h;return_24h;rsi_14;sma_24;sma_50;zscore_48,ok,ok,0.000000,0.000000,0.000000,0,0.000000,4,3.245,
355a8f9f-2a1f-435d-a1a8-c365b92e185b,194,a01fc962abd2dd7b,volume_divergence_momentum_fade,volume_divergence,close;ema_12;ema_26;macd_hist;return_24h;rsi_14;volume_zscore_24h,ok,ok,-0.319888,-0.003511,0.349289,101,0.534653,4,3.259,
355a8f9f-2a1f-435d-a1a8-c365b92e185b,195,5d7757466d236a25,monday_oversold_reversal,calendar_effect,close;day_of_week;hour_of_day;return_24h;rsi_14;sma_50,ok,ok,0.381734,0.007282,0.191401,16,0.562500,4,3.250,
355a8f9f-2a1f-435d-a1a8-c365b92e185b,196,971fe6c62e8c2ea7,macd_cross_momentum_chase,momentum,close;ema_12;ema_26;macd_hist;return_24h;rsi_14,ok,ok,-0.682554,-0.057144,0.339794,64,0.375000,4,3.256,
355a8f9f-2a1f-435d-a1a8-c365b92e185b,197,88803c1c7fc2618e,bb_stretch_mean_reversion,mean_reversion,bb_upper_24_2;close;return_24h;rsi_14;sma_24;zscore_48,ok,ok,0.000000,0.000000,0.000000,0,0.000000,4,3.282,
355a8f9f-2a1f-435d-a1a8-c365b92e185b,198,5f2d78c6041ecf1c,vol_regime_shift_breakout,volatility_regime,close;realized_vol_24h;return_24h;rsi_14;sma_20;volume_zscore_24h,ok,ok,-0.634029,-0.030400,0.163629,3,0.333333,4,3.250,
355a8f9f-2a1f-435d-a1a8-c365b92e185b,199,50448e4a34d68c2a,volume_divergence_reversal,volume_divergence,close;return_1h;return_24h;rsi_14;sma_50;volume_zscore_24h,ok,ok,0.933232,0.013078,0.015329,3,1.000000,4,3.242,
355a8f9f-2a1f-435d-a1a8-c365b92e185b,200,96f8f84b7199f354,weekend_vol_compression_entry,calendar_effect,close;day_of_week;hour_of_day;realized_vol_24h;return_24h;rsi_14;sma_50,ok,ok,-0.802860,-0.066211,0.202404,109,0.440367,4,3.264,
