hypothesis_hash,factors_used,theme,batch_id,wf_test_period_sharpe,wf_test_period_total_trades,holdout_bear_2022_sharpe,holdout_bear_2022_total_trades,holdout_bear_2022_passed,holdout_validation_2024_sharpe,holdout_validation_2024_total_trades,holdout_validation_2024_passed,holdout_eval_2020_v1_sharpe,holdout_eval_2020_v1_total_trades,holdout_eval_2020_v1_passed,holdout_eval_2021_v1_sharpe,holdout_eval_2021_v1_total_trades,holdout_eval_2021_v1_passed,filtered
18d92ce5d0b40cc7,bb_upper_24_2;close;macd_hist;return_24h;rsi_14;sma_24;zscore_48,mean_reversion,4f894318-eb69-48b5-95ef-e22abe3ecdd1,1.14116,73,-0.34102735849135,49,True,1.043150345480158,67,True,1.2623895244363073,73,True,1.0740165043689407,72,True,True
22864f01a49e3452,close;day_of_week;realized_vol_24h;return_24h;rsi_14;sma_20,calendar_effect,4f894318-eb69-48b5-95ef-e22abe3ecdd1,0.402264,32,-0.49769238372181507,35,True,-0.21753772818927097,34,True,1.496251733540383,33,True,0.3417797800532541,32,True,True
2433a38b2f9a7211,close;ema_12;ema_26;macd_hist;return_24h;sma_20;volume_zscore_24h,volume_divergence,a12c2a65-4314-4dde-be6e-968a0c70ee6e,0.798523,118,0.0988956228015567,85,True,1.646432834633784,115,True,0.3533520402826759,132,True,0.8414435390576639,118,True,True
2b1ca44778281d97,close;day_of_week;ema_12;hour_of_day;macd_hist;return_168h;return_24h;rsi_14,calendar_effect,4f894318-eb69-48b5-95ef-e22abe3ecdd1,1.762288,14,0.045533812905641395,12,True,-0.3511328622297171,17,True,1.601128210309474,25,True,1.1575041857933526,13,True,False
2c5e3cc08d407b73,day_of_week;hour_of_day;return_168h;return_24h,calendar_effect,355a8f9f-2a1f-435d-a1a8-c365b92e185b,0.235629,26,0.3333645769825803,23,True,0.2637085005637281,23,True,1.3310867534651645,10,True,-0.19116474581145254,26,True,False
2cc19d1b5e2c9024,close;day_of_week;hour_of_day;return_24h;rsi_14;sma_20,calendar_effect,71d42a07-d88f-431a-a653-601010cf1921,0.768022,24,0.04683882490726748,17,True,-0.23383194704328128,22,True,-0.31928389588085904,18,True,0.9065025246052805,24,True,False
34588c948b1ff12b,close;day_of_week;ema_12;macd_hist;realized_vol_24h;return_24h;rsi_14;volume_zscore_24h,calendar_effect,4f894318-eb69-48b5-95ef-e22abe3ecdd1,0.624753,33,0.7066090011580962,39,True,0.14618189888642222,36,True,1.4069382392468315,32,True,0.5782817752681149,33,True,True
35dcfcfbee4cfafc,close;macd_hist;return_1h;return_24h;rsi_14;sma_50;volume_zscore_24h,volume_divergence,91ad68ed-6470-45a7-8735-171c39ff25c3,1.549998,27,0.6221310058928581,26,True,1.2997549263603674,24,True,-0.11712191079790879,33,True,1.0990309291300846,26,True,True
38a1bb228f103c26,bb_upper_24_2;close;ema_12;ema_26;macd_hist;realized_vol_24h;return_1h;return_24h;volume_zscore_24h,volatility_regime,4f894318-eb69-48b5-95ef-e22abe3ecdd1,-1.075468,26,0.2429670636689438,27,True,0.48242185511044167,30,True,0.7086172294442838,25,True,-0.36190409934936646,27,True,True
3a2559fbeff71f94,close;day_of_week;ema_12;hour_of_day;return_24h;rsi_14;sma_20,calendar_effect,a12c2a65-4314-4dde-be6e-968a0c70ee6e,-0.165339,31,-0.38722245457141724,37,True,0.733234339340878,32,True,0.3770396159205959,32,True,-0.0569697583735393,31,True,True
3b013ac903ab047b,close;day_of_week;macd_hist;return_168h;return_1h;return_24h;sma_20;sma_50,calendar_effect,91ad68ed-6470-45a7-8735-171c39ff25c3,-0.011203,10,0.44597283138470906,7,True,0.8360003905417206,12,True,1.739756389548151,12,True,0.1238456501194902,10,True,False
3c3ba9b95d2ea37c,day_of_week;hour_of_day;macd_hist;return_1h;return_24h;rsi_14,calendar_effect,4f894318-eb69-48b5-95ef-e22abe3ecdd1,0.240705,18,0.10695808702737476,10,True,1.6679137206778982,11,True,1.4203303910236043,9,True,0.19351042913038732,18,True,False
3d3938aed6376f04,close;day_of_week;hour_of_day;macd_hist;return_168h;return_24h;rsi_14;sma_20,calendar_effect,4f894318-eb69-48b5-95ef-e22abe3ecdd1,1.516271,40,-0.29589193631132404,25,True,-0.16999354952369158,40,True,-0.08928939651025126,39,True,1.6153765598544918,39,True,True
3ebec90d7be309ab,close;return_24h;rsi_14;sma_50;volume_zscore_24h,volume_divergence,a12c2a65-4314-4dde-be6e-968a0c70ee6e,0.147442,21,-0.49163197051968716,26,True,0.9883048164969802,27,True,1.456732134537203,23,True,-0.3103983345016234,21,True,True
406d4f4dfb4d46de,day_of_week;hour_of_day;return_168h;return_24h;rsi_14,calendar_effect,91ad68ed-6470-45a7-8735-171c39ff25c3,0.719681,11,1.0329889852819891,20,True,-0.22024775038191682,16,True,0.36464694065631886,14,True,0.38840661070135124,11,True,False
41d3b759a1004c97,day_of_week;hour_of_day;macd_hist;return_168h;return_24h;rsi_14,calendar_effect,4f894318-eb69-48b5-95ef-e22abe3ecdd1,0.075603,10,0.6317129726779127,6,True,-0.10887221767079125,8,True,1.0918669747899035,14,True,1.413509911378509,10,True,False
4a3c8e2fe04d72c1,macd_hist;return_1h;return_24h;rsi_14,momentum,4f894318-eb69-48b5-95ef-e22abe3ecdd1,0.53715,84,-0.12756307713044823,50,True,0.350099789217355,60,True,2.371008951810435,63,True,0.7160827497797473,84,True,True
4ce6e78ff9cff9b9,day_of_week;hour_of_day;return_1h;return_24h;rsi_14,calendar_effect,a12c2a65-4314-4dde-be6e-968a0c70ee6e,0.321965,16,-0.4908392891299535,11,True,0.9663018254890529,11,True,1.8339694961251454,9,True,0.5795414552290457,16,True,False
52b04f27b7ee565b,day_of_week;hour_of_day;macd_hist;return_168h;return_1h;return_24h;rsi_14,calendar_effect,91ad68ed-6470-45a7-8735-171c39ff25c3,-0.325956,6,0.2710099316858323,15,True,0.12752229857962394,11,True,-0.39041355429106944,5,True,-0.397950129545655,6,True,False
53e1b5030aefe836,ema_12;ema_26;macd_hist;rsi_14;sma_50,momentum,355a8f9f-2a1f-435d-a1a8-c365b92e185b,-0.688907,31,-0.07249220313550218,28,True,0.3152672051520427,28,True,1.476779409537322,31,True,0.13465712558611995,33,True,True
54ae22768a3f78e9,close;macd_hist;return_24h;rsi_14;sma_50;volume_zscore_24h,volume_divergence,355a8f9f-2a1f-435d-a1a8-c365b92e185b,2.879716,18,1.1741109569181005,7,True,0.8842497914021541,6,True,1.3665718084791474,9,True,1.6128954304969758,18,True,False
5b4d89be0ccb9be1,close;day_of_week;ema_12;macd_hist;return_24h;rsi_14,calendar_effect,355a8f9f-2a1f-435d-a1a8-c365b92e185b,0.839511,6,1.3717893122376075,14,True,0.10141002950865534,11,True,1.199420458816258,8,True,1.180342476336128,6,True,False
5fcf29ab42c5f8b6,return_1h;return_24h;rsi_14;volume_zscore_24h,volume_divergence,355a8f9f-2a1f-435d-a1a8-c365b92e185b,2.281513,146,-0.07630877198675017,118,True,0.479873598769784,118,True,2.381169593256244,97,True,2.3201709925149068,146,True,True
7240602b60cd7271,ema_12;ema_26;macd_hist;return_1h;rsi_14;sma_50,momentum,91ad68ed-6470-45a7-8735-171c39ff25c3,0.645162,20,0.3662064476843765,15,True,1.170059784765824,18,True,1.1502412541399827,24,True,0.4896294696812574,20,True,False
7abff29fc2f117a1,ema_12;ema_26;macd_hist;return_24h;rsi_14;volume_zscore_24h,momentum,4f894318-eb69-48b5-95ef-e22abe3ecdd1,0.483854,34,1.4769875188068078,46,True,2.125891292983893,42,True,1.553872836738244,44,True,0.40325313279133146,36,True,True
8a2a8f73f71a835e,day_of_week;return_1h;return_24h;rsi_14,calendar_effect,91ad68ed-6470-45a7-8735-171c39ff25c3,1.593688,30,0.04246127999933498,36,True,1.3690495136499496,36,True,3.1098878859968333,42,True,2.000558069733606,31,True,True
8def2951c72f0961,close;ema_12;ema_26;macd_hist;return_1h;return_24h;rsi_14;sma_50;volume_zscore_24h,momentum,4f894318-eb69-48b5-95ef-e22abe3ecdd1,-0.418065,36,-0.12133465414822234,50,True,0.824940847471367,43,True,2.0761417187037554,43,True,0.4596108088061507,38,True,True
95d5cfc1c0a9579a,close;day_of_week;return_168h;return_24h;rsi_14;sma_50,calendar_effect,71d42a07-d88f-431a-a653-601010cf1921,0.30352,34,-0.39440708217482745,25,True,1.075289752725218,33,True,0.9334872235649686,29,True,0.28271762683138135,34,True,True
9c90efe879157a5c,bb_upper_24_2;close;return_1h;return_24h;rsi_14;sma_24;zscore_48,mean_reversion,4f894318-eb69-48b5-95ef-e22abe3ecdd1,0.995252,89,0.10144684712536953,65,True,1.4060119494480796,90,True,1.8165477965987131,105,True,0.9036742546166027,88,True,True
aa8c55c16db41ea7,return_24h;rsi_14;volume_zscore_24h,volume_divergence,a12c2a65-4314-4dde-be6e-968a0c70ee6e,0.262384,95,0.10116825252421748,67,True,1.073582886157171,83,True,1.580155734215427,94,True,0.3871033911432733,95,True,True
b10f4563366481b3,day_of_week;hour_of_day;return_1h;return_24h;rsi_14,calendar_effect,a12c2a65-4314-4dde-be6e-968a0c70ee6e,0.045408,35,-0.05714140634385397,19,True,0.13719687275604842,26,True,-0.34143672343272147,19,True,-0.2814577924606337,34,True,False
b24ca51d477c2e96,close;macd_hist;return_1h;return_24h;rsi_14;sma_50,momentum,a12c2a65-4314-4dde-be6e-968a0c70ee6e,-0.360758,65,-0.23502256609999894,43,True,0.3256807220499381,54,True,0.5097539811105897,62,True,-0.26493975857623964,64,True,True
bc5ea1beab19fcdd,bb_upper_24_2;close;day_of_week;ema_12;macd_hist;return_24h;rsi_14,calendar_effect,355a8f9f-2a1f-435d-a1a8-c365b92e185b,-0.233385,58,1.342096855419003,58,True,1.1672275661728346,91,True,-0.10920771799722744,84,True,-0.00841752036132174,58,True,True
c076cdad4ee7ca42,close;day_of_week;macd_hist;realized_vol_24h;return_1h;return_24h;rsi_14;sma_20;sma_50,calendar_effect,71d42a07-d88f-431a-a653-601010cf1921,-0.119326,101,0.34967544819435437,56,True,0.2218458938921961,72,True,0.7600685138377888,71,True,0.2363330934785634,101,True,True
cfd24b8b72d6e429,macd_hist;return_1h;return_24h;rsi_14;volume_zscore_24h,volume_divergence,a12c2a65-4314-4dde-be6e-968a0c70ee6e,0.151289,34,0.15843537731808302,27,True,0.08228089105460339,35,True,0.11553856948049773,45,True,0.7016959427593648,34,True,True
d04e1b054fe4d69d,day_of_week;return_168h;return_24h;rsi_14;zscore_48,calendar_effect,a12c2a65-4314-4dde-be6e-968a0c70ee6e,0.072086,17,0.4300616125929048,19,True,-0.21065184954220761,10,True,1.5467049408192424,7,True,-0.1776946294635855,17,True,False
d3fe403c8b1c4130,day_of_week;hour_of_day;return_1h;return_24h;rsi_14,calendar_effect,71d42a07-d88f-431a-a653-601010cf1921,0.308484,24,0.7850747836751283,12,True,0.6299096150757887,22,True,0.8184718219471097,14,True,0.12941045185097869,24,True,False
dc7d6de5e71772ae,close;ema_26;macd_hist;realized_vol_24h;return_1h;return_24h,volatility_regime,91ad68ed-6470-45a7-8735-171c39ff25c3,-0.420711,42,1.3554811679751317,37,True,1.3569208400918193,36,True,0.8879562172350021,38,True,-0.48028792915591534,42,True,True
ec6a8a385c1a3e9a,day_of_week;realized_vol_24h;return_24h,calendar_effect,71d42a07-d88f-431a-a653-601010cf1921,0.138125,43,0.18014746431638565,48,True,1.1997718989703159,34,True,1.931651548342439,30,True,0.18283721520613624,43,True,True
